{"schemaVersion":"1.0","appDefinitionTemplate":{"id":"/providers/Microsoft.PowerApps/apps/","type":"Microsoft.PowerApps/apps","tags":{"primaryDeviceWidth":"640","primaryDeviceHeight":"1136","supportsPortrait":"true","supportsLandscape":"true","primaryFormFactor":"Phone","publisherVersion":"3.22081.8","minimumRequiredApiVersion":"2.2.0","hasComponent":"true","hasUnlockedComponent":"true","isUnifiedRootApp":"false","sienaVersion":"20220811T034259Z-3.22081.8.0"},"properties":{"appVersion":"2022-08-11T03:42:59Z","lifeCycleId":"Published","createdByClientVersion":{"major":3,"minor":22081,"build":8,"revision":0,"majorRevision":0,"minorRevision":0},"minClientVersion":{"major":3,"minor":22081,"build":8,"revision":0,"majorRevision":0,"minorRevision":0},"backgroundColor":"RGBA(0,176,240,1)","backgroundImageUri":"/2704022120326741593/N0f0bf7a0-c0e9-4f46-9051-d566e90a7b55-logoSmallFile","displayName":"Entrega_EPIS","description":"","commitMessage":"","appUris":{"documentUri":{"value":"/2704022120326741593/Ndc179c70-cb3f-4c3a-a260-42ac84e96fda-document.msapp"},"imageUris":[],"additionalUris":[]},"createdTime":"0001-01-01T00:00:00Z","lastModifiedTime":"0001-01-01T00:00:00Z","sharedGroupsCount":0,"sharedUsersCount":0,"connectionReferences":{"925a55b6-9dda-4a52-930f-7d47125fc391":{"id":"97627514-5f0e-4927-9c0a-b5472d0d5940","displayName":"SharePoint","iconUri":"https://connectoricons-prod.azureedge.net/releases/v1.0.1591/1.0.1591.2961/sharepointonline/icon.png","dataSources":["Inventario_EPIs","Registro_Entrega_EPI","Lista_Colaboradores"],"dependencies":[],"dependents":[],"parameterHints":{},"parameterHintsV2":{},"isOnPremiseConnection":false,"bypassConsent":false,"dataSets":{"https://3ll4vp.sharepoint.com/sites/EHS-Pratica":{"dataSources":{"Inventario_EPIs":{"tableName":"e3d6a74b-6b82-4fb5-b397-61d5044071f3"},"Registro_Entrega_EPI":{"tableName":"04fdc5cf-8ff4-4963-ac0c-74714f50eaa8"},"Lista_Colaboradores":{"tableName":"f1c4b746-7b48-4590-a6b0-f9bbb65cf0be"}}}},"apiTier":"Standard","isCustomApiConnection":false,"actions":["providers/PowerPlatform.Governance/Operations/Read"]},"7e252b31-7e3f-4d46-ab15-6f9aa96390cb":{"id":"efda0194-4363-469b-9192-4cc35d42b682","displayName":"Logic flows","iconUri":"https://connectoricons-prod.azureedge.net/releases/v1.0.1534/1.0.1534.2605/logicflows/icon.png","dataSources":["FICHA_DE_EPI"],"dependencies":["a7bd4a4e-7fca-4fcf-9292-a3f30261eb77","1f927261-3570-4168-bbc3-8e64906deb3c"],"dependents":[],"parameterHints":{"workflowName":{"value":"8fba35a2-188a-46ba-bc37-32013f62dd0d"},"workflowEntityId":{},"a7bd4a4e-7fca-4fcf-9292-a3f30261eb77":{"value":"shared_sharepointonline_1"},"1f927261-3570-4168-bbc3-8e64906deb3c":{"value":"shared_onedriveforbusiness_1"}},"parameterHintsV2":{"workflowName":{"value":"8fba35a2-188a-46ba-bc37-32013f62dd0d"},"workflowEntityId":{},"shared_sharepointonline_1":{"value":"a7bd4a4e-7fca-4fcf-9292-a3f30261eb77"},"shared_onedriveforbusiness_1":{"value":"1f927261-3570-4168-bbc3-8e64906deb3c"}},"isOnPremiseConnection":false,"bypassConsent":false,"dataSets":{},"apiTier":"Standard","isCustomApiConnection":false,"nestedActions":[{"id":"/providers/Microsoft.PowerApps/apis/shared_sharepointonline/apiOperations/GetItems","apiName":"SharePoint","actionName":"GetItems","referencedResources":[{"key":"site","value":"https://3ll4vp.sharepoint.com/sites/EHS-Pratica"},{"key":"list","value":"04fdc5cf-8ff4-4963-ac0c-74714f50eaa8"}]},{"id":"/providers/Microsoft.PowerApps/apis/shared_onedriveforbusiness/apiOperations/CreateFile","apiName":"OneDrive for Business","actionName":"CreateFile","referencedResources":[]},{"id":"/providers/Microsoft.PowerApps/apis/shared_onedriveforbusiness/apiOperations/ConvertFile","apiName":"OneDrive for Business","actionName":"ConvertFile","referencedResources":[]}]},"a7bd4a4e-7fca-4fcf-9292-a3f30261eb77":{"id":"97627514-5f0e-4927-9c0a-b5472d0d5940","displayName":"SharePoint","iconUri":"https://connectoricons-prod.azureedge.net/releases/v1.0.1591/1.0.1591.2961/sharepointonline/icon.png","dataSources":[],"dependencies":[],"dependents":["7e252b31-7e3f-4d46-ab15-6f9aa96390cb"],"parameterHints":{},"parameterHintsV2":{},"isOnPremiseConnection":false,"bypassConsent":false,"dataSets":{},"apiTier":"Standard","isCustomApiConnection":false,"actions":["providers/PowerPlatform.Governance/Operations/Read"]},"1f927261-3570-4168-bbc3-8e64906deb3c":{"id":"0cafe067-9b0a-46c0-881d-207e5e2f0f02","displayName":"OneDrive for Business","iconUri":"https://connectoricons-prod.azureedge.net/releases/v1.0.1546/1.0.1546.2665/onedriveforbusiness/icon.png","dataSources":[],"dependencies":[],"dependents":["7e252b31-7e3f-4d46-ab15-6f9aa96390cb","b6fcf475-d216-4b53-8365-a00e2bc17896"],"parameterHints":{},"parameterHintsV2":{},"isOnPremiseConnection":false,"bypassConsent":false,"dataSets":{},"apiTier":"Standard","isCustomApiConnection":false},"0dedab1c-ddef-4dcb-bd3d-676a83f5ce42":{"id":"5197a58a-bcb6-4189-b31b-fe6ce03b4da2","displayName":"Office 365 Outlook","iconUri":"https://connectoricons-prod.azureedge.net/releases/v1.0.1591/1.0.1591.2961/office365/icon.png","dataSources":["Office365Outlook"],"dependencies":[],"dependents":[],"parameterHints":{},"parameterHintsV2":{},"isOnPremiseConnection":false,"bypassConsent":false,"dataSets":{},"apiTier":"Standard","isCustomApiConnection":false},"b6fcf475-d216-4b53-8365-a00e2bc17896":{"id":"efda0194-4363-469b-9192-4cc35d42b682","displayName":"Logic flows","iconUri":"https://connectoricons-prod.azureedge.net/releases/v1.0.1534/1.0.1534.2605/logicflows/icon.png","dataSources":["EPISV3"],"dependencies":["1f927261-3570-4168-bbc3-8e64906deb3c"],"dependents":[],"parameterHints":{"workflowName":{"value":"3f4e735b-adfc-4702-8b4c-9d2702e7a16b"},"workflowEntityId":{},"1f927261-3570-4168-bbc3-8e64906deb3c":{"value":"shared_onedriveforbusiness"}},"parameterHintsV2":{"workflowName":{"value":"3f4e735b-adfc-4702-8b4c-9d2702e7a16b"},"workflowEntityId":{},"shared_onedriveforbusiness":{"value":"1f927261-3570-4168-bbc3-8e64906deb3c"}},"isOnPremiseConnection":false,"bypassConsent":false,"dataSets":{},"apiTier":"Standard","isCustomApiConnection":false,"actions":["Run"],"nestedActions":[{"id":"/providers/Microsoft.PowerApps/apis/shared_onedriveforbusiness/apiOperations/CreateFile","apiName":"OneDrive for Business","actionName":"CreateFile","referencedResources":[]},{"id":"/providers/Microsoft.PowerApps/apis/shared_onedriveforbusiness/apiOperations/ConvertFile","apiName":"OneDrive for Business","actionName":"ConvertFile","referencedResources":[]}]}},"databaseReferences":{},"almMode":"Environment","performanceOptimizationEnabled":true,"canConsumeAppPass":true,"enableModernRuntimeMode":false,"executionRestrictions":{"isTeamsOnly":false,"dataLossPreventionEvaluationResult":{"status":"Compliant","lastEvaluationDate":"2022-08-11T12:45:58.5128532Z","violations":[],"violationsByPolicy":[],"violationErrorMessage":"The app uses the following connectors: shared_sharepointonline, shared_logicflows, shared_onedriveforbusiness, shared_office365."},"httpActionRestriction":{"appUsesSharepointHttpAction":false,"enforcementStrategy":"Legacy","evaluationTime":"2022-08-11T12:45:58.5127041Z"}}},"appType":"ClassicCanvasApp","appComponents":[]}}