{"name":"65be63f4-5428-4e8f-adfa-a8b7a159460a","id":"/providers/Microsoft.Flow/flows/65be63f4-5428-4e8f-adfa-a8b7a159460a","type":"Microsoft.Flow/flows","properties":{"apiId":"/providers/Microsoft.PowerApps/apis/shared_logicflows","displayName":"FICHA_DE_EPI","definition":{"metadata":{"workflowEntityId":null,"processAdvisorMetadata":null,"flowclientsuspensionreason":"AllActionsFailingDetected","flowclientsuspensiontime":"2022-08-24T09:28:42.6713129Z","creator":{"id":"8022d229-b214-48ac-bdba-ca5c5d0963ed","type":"User","tenantId":"68bc8bcc-7322-4d88-9459-cea6d14f7d10"},"provisioningMethod":"FromDefinition","failureAlertSubscription":true,"clientLastModifiedTime":"2022-07-19T02:08:52.9654973Z","flowclientsuspensionreasondetails":null},"$schema":"https://schema.management.azure.com/providers/Microsoft.Logic/schemas/2016-06-01/workflowdefinition.json#","contentVersion":"1.0.0.0","parameters":{"$connections":{"defaultValue":{},"type":"Object"},"$authentication":{"defaultValue":{},"type":"SecureObject"}},"triggers":{"manual":{"metadata":{"operationMetadataId":"9b9c5ff0-1ef8-470f-9436-08a25ebb2913"},"type":"Request","kind":"PowerApp","inputs":{"schema":{"type":"object","properties":{"Nome_Value":{"type":"string","description":"Enter initial value","x-ms-powerflows-param-ispartial":false},"Assinatura_Value":{"type":"string","description":"Enter initial value","x-ms-powerflows-param-ispartial":false}},"required":["Nome_Value","Assinatura_Value"]}}}},"actions":{"Get_items":{"runAfter":{"Assinatura":["Succeeded"]},"metadata":{"operationMetadataId":"ac474dcb-6e5d-4b7f-91ac-e4215d91e3b0"},"type":"OpenApiConnection","inputs":{"host":{"apiId":"/providers/Microsoft.PowerApps/apis/shared_sharepointonline","connectionName":"shared_sharepointonline_1","operationId":"GetItems"},"parameters":{"dataset":"https://3ll4vp.sharepoint.com/sites/EHS-Pratica","table":"04fdc5cf-8ff4-4963-ac0c-74714f50eaa8"},"authentication":{"value":"@json(decodeBase64(triggerOutputs().headers['X-MS-APIM-Tokens']))['$ConnectionKey']","type":"Raw"}}},"Create_HTML_table":{"runAfter":{"Select":["Succeeded"]},"metadata":{"operationMetadataId":"96aea3fe-5b74-4036-bc8e-fa4de6314c86"},"type":"Table","inputs":{"from":"@body('Select')","format":"HTML"}},"Select":{"runAfter":{"Get_items":["Succeeded"]},"metadata":{"operationMetadataId":"324a00b2-ea0b-4c60-83d1-534bce0c1386"},"type":"Select","inputs":{"from":"@outputs('Get_items')?['body/value']","select":{"NOME":"@item()?['Nome_x0020_do_x0020_Colaborador']","EPI":"@item()?['NOMEDOEPI']","CA":"@item()?['N_x00b0_CA']","Quantidade":"@item()?['Quantidade']","Data":"@formatDateTime(item()?['datadeentrega'],'dd / MM / yyyy')"}}},"Formatar_Tabela":{"runAfter":{"Create_HTML_table":["Succeeded"]},"metadata":{"operationMetadataId":"0f145b94-cc90-4c03-b97c-3d0aa9065b06"},"type":"Compose","inputs":"<head>\n<style>\ntable {\n  font-family: arial, sans-serif;\n  border-collapse: collapse;\n  width: 100%;\n}\n\ntd, th {\n  border: 1px solid #dddddd;\n  text-align: left;\n  padding: 8px;\n}\n\ntr:nth-child(even) {\n  background-color: #dddddd;\n}\n</style>\n</head>\n\n"},"Texto+Tabela":{"runAfter":{"Formatar_Tabela":["Succeeded"]},"metadata":{"operationMetadataId":"55642a05-6f5e-4d81-9db3-49d73eb61e40"},"type":"Compose","inputs":"<p style='margin:0cm;font-size:15px;font-family:\"Calibri\",sans-serif;text-align:center;'><strong><span style=\"font-size:27px;\">FICHA INDIVIDUAL DE CONTROLES DE EPI&apos;s</span></strong></p>\n<p style='margin-top:12.0pt;margin-right:0cm;margin-bottom:6.0pt;margin-left:0cm;line-height:normal;font-size:15px;font-family:\"Calibri\",sans-serif;text-align:justify;'><br></p>\n<p style='margin-top:12.0pt;margin-right:0cm;margin-bottom:6.0pt;margin-left:0cm;line-height:normal;font-size:15px;font-family:\"Calibri\",sans-serif;text-align:justify;'><span style=\"font-size:19px;\">Declaro, para os devidos fins, que recebi gratuitamente da SKF do BRASIL Ltda, os Equipamentos de Prote&ccedil;&atilde;o Individual &ndash; EPI&rsquo;s, abaixo relacionados. Declaro ainda estar orientado e assumo inteira responsabilidade pela guarda e conserva&ccedil;&atilde;o desses EPI&rsquo;s, bem como us&aacute;-los apenas para a finalidade a que se destinam e comunicar a Seguran&ccedil;a qualquer altera&ccedil;&atilde;o que os torne impr&oacute;prios para uso, conforme Portaria n&ordm; 3.214/78 do MTB. Estou ciente de que o uso de EPI&rsquo;s &eacute; obrigat&oacute;rio, e para controle efetivo dos colaboradores s&atilde;o realizadas auditorias peri&oacute;dicas no ch&atilde;o de f&aacute;brica com a participa&ccedil;&atilde;o da chefia imediata e da CIPA, caso eu seja surpreendido sem os EPI&rsquo;s estou pass&iacute;vel de penalidades administrativas previstas na Pol&iacute;tica de Seguran&ccedil;a da SKF e na legisla&ccedil;&atilde;o vigente. Declaro tamb&eacute;m que a empresa possui Pol&iacute;tica S&oacute;lida em Seguran&ccedil;a e Medicina do Trabalho e que recebi o treinamento sobre as A.P.R (Analise Preliminar de Risco), conforme a Portaria n&ordm; 3214/78 do MTB.</span></p>\n</br>\n@{outputs('Formatar_Tabela')}@{body('Create_HTML_table')}\n<br>\n<br>\n<p style='margin-top:0cm;margin-right:0cm;margin-bottom:0cm;margin-left:0cm;line-height:normal;font-size:15px;font-family:\"Calibri\",sans-serif;'><span style='font-size:16px;font-family:\"Arial\",sans-serif;color:black;'>Data:  @{utcNow('dd / MM / yyyy')} &nbsp; &nbsp; &nbsp; &nbsp; &nbsp; \n<br>\nAss. \n<br>\n<br>\n<img src=@{variables('Assiantura')}></span></p>\n"},"Create_file":{"runAfter":{"Texto+Tabela":["Succeeded"]},"metadata":{"operationMetadataId":"645759ce-9067-4fe5-beee-bde57dddf5f5"},"type":"OpenApiConnection","inputs":{"host":{"apiId":"/providers/Microsoft.PowerApps/apis/shared_onedriveforbusiness","connectionName":"shared_onedriveforbusiness_1","operationId":"CreateFile"},"parameters":{"folderPath":"/","name":"Teste.html","body":"@outputs('Texto+Tabela')"},"authentication":{"value":"@json(decodeBase64(triggerOutputs().headers['X-MS-APIM-Tokens']))['$ConnectionKey']","type":"Raw"}},"runtimeConfiguration":{"contentTransfer":{"transferMode":"Chunked"}}},"Nome":{"runAfter":{},"metadata":{"operationMetadataId":"270593b5-04be-4300-b3fc-5a02f62b357e"},"type":"InitializeVariable","inputs":{"variables":[{"name":"Nome_Colaborador","type":"string","value":"@triggerBody()['Nome_Value']"}]}},"Assinatura":{"runAfter":{"Nome":["Succeeded"]},"metadata":{"operationMetadataId":"7e293a4b-ae44-4565-a25c-bf7b00b3a58e"},"type":"InitializeVariable","inputs":{"variables":[{"name":"Assiantura","type":"string","value":"@triggerBody()['Assinatura_Value']"}]}},"Convert_file":{"runAfter":{"Create_file":["Succeeded"]},"metadata":{"operationMetadataId":"f79b76ae-a85a-4880-b167-385da9af13ff"},"type":"OpenApiConnection","inputs":{"host":{"apiId":"/providers/Microsoft.PowerApps/apis/shared_onedriveforbusiness","connectionName":"shared_onedriveforbusiness_1","operationId":"ConvertFile"},"parameters":{"id":"@outputs('Create_file')?['body/Id']","type":"PDF"},"authentication":{"value":"@json(decodeBase64(triggerOutputs().headers['X-MS-APIM-Tokens']))['$ConnectionKey']","type":"Raw"}}},"Create_file_2":{"runAfter":{"Convert_file":["Succeeded"]},"metadata":{"operationMetadataId":"51c348d3-30cb-4c3c-bacb-257d9949d232"},"type":"OpenApiConnection","inputs":{"host":{"apiId":"/providers/Microsoft.PowerApps/apis/shared_onedriveforbusiness","connectionName":"shared_onedriveforbusiness_1","operationId":"CreateFile"},"parameters":{"folderPath":"/","name":"Teste.PDF","body":"@outputs('Convert_file')?['body']"},"authentication":{"value":"@json(decodeBase64(triggerOutputs().headers['X-MS-APIM-Tokens']))['$ConnectionKey']","type":"Raw"}},"runtimeConfiguration":{"contentTransfer":{"transferMode":"Chunked"}}}}},"connectionReferences":{"shared_sharepointonline_1":{"connectionName":"shared-sharepointonl-14dd0090-583a-46de-b240-7483ed558739","source":"Invoker","id":"/providers/Microsoft.PowerApps/apis/shared_sharepointonline","tier":"NotSpecified"},"shared_onedriveforbusiness_1":{"connectionName":"2e7f8f7b13fb4a5cb4a4961d93ce5308","source":"Invoker","id":"/providers/Microsoft.PowerApps/apis/shared_onedriveforbusiness","tier":"NotSpecified"}},"flowFailureAlertSubscribed":false,"isManaged":false}}