{"name":"7d2f4175-ceca-4586-b8f6-497dbbf83b14","id":"/providers/Microsoft.Flow/flows/7d2f4175-ceca-4586-b8f6-497dbbf83b14","type":"Microsoft.Flow/flows","properties":{"apiId":"/providers/Microsoft.PowerApps/apis/shared_logicflows","displayName":"EPIS V3","definition":{"metadata":{"workflowEntityId":null,"processAdvisorMetadata":null,"flowclientsuspensionreason":"None","flowclientsuspensiontime":null,"flowclientsuspensionreasondetails":null,"creator":{"id":"8022d229-b214-48ac-bdba-ca5c5d0963ed","type":"User","tenantId":"68bc8bcc-7322-4d88-9459-cea6d14f7d10"},"provisioningMethod":"FromDefinition","failureAlertSubscription":true,"clientLastModifiedTime":"2022-08-11T02:22:55.6894581Z"},"$schema":"https://schema.management.azure.com/providers/Microsoft.Logic/schemas/2016-06-01/workflowdefinition.json#","contentVersion":"1.0.0.0","parameters":{"$connections":{"defaultValue":{},"type":"Object"},"$authentication":{"defaultValue":{},"type":"SecureObject"}},"triggers":{"manual":{"metadata":{"operationMetadataId":"90e64b0a-17fc-4265-8b66-392f174cd832"},"type":"Request","kind":"PowerApp","inputs":{"schema":{"type":"object","properties":{"ParseJSON_Content":{"type":"any","x-ms-powerflows-param-ispartial":false},"UnificarTexto_Inputs":{"type":"any","description":"Inputs. This parameter is used as part of \"15C61DD5-A03E-4512-B1CF-163C91E0C79D\"","x-ms-powerflows-param-ispartial":true},"UnificarTexto_Inputs_1":{"type":"any"},"UnificarTexto_Inputs_2":{"type":"any"}},"required":["ParseJSON_Content","UnificarTexto_Inputs","UnificarTexto_Inputs_1","UnificarTexto_Inputs_2"]}}}},"actions":{"Parse_JSON":{"runAfter":{},"metadata":{"operationMetadataId":"64c26a8a-abe0-4732-973c-3e55e6bc656b"},"type":"ParseJson","inputs":{"content":"@triggerBody()['ParseJSON_Content']","schema":{"type":"array","items":{"type":"object","properties":{"Descrição do EPI":{"type":"string"},"C.A.":{"type":"integer"},"Quant":{"type":"string"},"Entregue Em:":{"type":"string"}},"required":["Descrição do EPI","C.A.","Quant","Entregue Em:"]}}}},"Create_HTML_table":{"runAfter":{"Parse_JSON":["Succeeded"]},"metadata":{"operationMetadataId":"389e6e66-fc9f-4cf3-8c7b-f2c1bae95699"},"type":"Table","inputs":{"from":"@body('Parse_JSON')","format":"HTML","columns":[{"header":"Descrição EPI","value":"@item()['Descrição do EPI']"},{"header":"C.A.","value":"@item()['C.A.']"},{"header":"Quantidade","value":"@item()['Quant']"},{"header":"Entregue em:","value":"@formatDateTime(utcNow(),'dd/MM/yyyy')"}]}},"Formatar_Tabela":{"runAfter":{"Create_HTML_table":["Succeeded"]},"metadata":{"operationMetadataId":"d51cb14e-aef9-453f-bdbe-ae37539aba37"},"type":"Compose","inputs":"<style>\ntable {\n  font-family: arial, sans-serif;\n  border-collapse: collapse;\n  width: 100%;\n  margin-left: 0.4 cm;\n  margin-right: 0.4 cm;\n}\n\ntd, th {\n  border: 1px solid #dddddd;\n  text-align: left;\n  padding: 8px;\n}\n\ntr:nth-child(even) {\n  background-color: #dddddd;\n}\n</style>"},"Unificar_Texto":{"runAfter":{"Formatar_Tabela":["Succeeded"]},"metadata":{"operationMetadataId":"4b76847a-7861-4b34-b017-7d88e10bfbcd"},"type":"Compose","inputs":"<center><strong><span style='font-size:27px;'>FICHA INDIVIDUAL DE CONTROLES DE EPI&apos;s</span></strong>\n</center>\n</p>\n<p style='margin-top:12.0pt;\nmargin-right:0.5cm;\nmargin-bottom:6.0pt;\nmargin-left: 0.5cm;\nline-height:normal;\nfont-size:15px;text-align:justify;\nfont-family:'Calibri',sans-serif;\n<br>\nDeclaro, para os devidos fins, que recebi gratuitamente da EMPRESA BOLINHA, os Equipamentos de Prote&ccedil;&atilde;o Individual &ndash; EPI&rsquo;s, abaixo relacionados. Declaro ainda estar orientado e assumo inteira responsabilidade pela guarda e conserva&ccedil;&atilde;o desses EPI&rsquo;s, bem como us&aacute;-los apenas para a finalidade a que se destinam e comunicar a Seguran&ccedil;a qualquer altera&ccedil;&atilde;o que os torne impr&oacute;prios para uso, conforme Portaria n&ordm; 3.214/78 do MTB. Estou ciente de que o uso de EPI&rsquo;s &eacute; obrigat&oacute;rio, e para controle efetivo dos colaboradores s&atilde;o realizadas auditorias peri&oacute;dicas no ch&atilde;o de f&aacute;brica com a participa&ccedil;&atilde;o da chefia imediata e da CIPA, caso eu seja surpreendido sem os EPI&rsquo;s estou pass&iacute;vel de penalidades administrativas previstas na Pol&iacute;tica de Seguran&ccedil;a da BOLINHA e na legisla&ccedil;&atilde;o vigente. Declaro tamb&eacute;m que a empresa possui Pol&iacute;tica S&oacute;lida em Seguran&ccedil;a e Medicina do Trabalho e que recebi o treinamento sobre as A.P.R (Analise Preliminar de Risco), conforme a portaria n&ordm; 3214/78 do MTB.</span>\n</p>\n<p style='margin-top:12.0pt;\nmargin-right:0.5dcm;\nmargin-bottom:6.0pt;\nmargin-left: 0.5cm;\n*Inputsx;font-family:'Arial',sans-serif;color:black;'><br><strong>NOME: </strong> @{triggerBody()['UnificarTexto_Inputs_1']} &nbsp;&nbsp; <strong> REGISTRO:</strong> @{triggerBody()['UnificarTexto_Inputs_2']}\n\n</p>\n\n<p style='margin-top:0cm;margin-right:2cm;margin-bottom:0cm;margin-left:0cm;line-height:normal;font-size:15px;font-family:'Calibri',sans-serif;'>\n\n@{outputs('Formatar_Tabela')}\n@{body('Create_HTML_table')}\n</p>\n<p style='margin-top:12.0pt;\nmargin-right:0.5cm;\nmargin-bottom:6.0pt;\nmargin-left: 0.5cm;\nline-height:normal;font-size:15px;font-family:'Calibri',sans-serif;'><span style='font-size:16px;font-family:'Arial',sans-serif;color:black;'><br>\n<br>Data: @{formatDateTime(utcNow(), 'dd/MM/yy')}\n<br>\nAss. de @{triggerBody()['UnificarTexto_Inputs_1']}\n<img src=@{triggerBody()['UnificarTexto_Inputs']}  align='center' width = '300' height = '150' >\n\n\n"},"Create_file_3":{"runAfter":{"Compose":["Succeeded"]},"metadata":{"operationMetadataId":"37ca2ba6-bb97-49c6-9c91-7f3c92b17a51"},"type":"OpenApiConnection","inputs":{"host":{"apiId":"/providers/Microsoft.PowerApps/apis/shared_onedriveforbusiness","connectionName":"shared_onedriveforbusiness","operationId":"CreateFile"},"parameters":{"folderPath":"/Fichas EPIs","name":"Teste.html","body":"@outputs('Unificar_Texto')"},"authentication":{"value":"@json(decodeBase64(triggerOutputs().headers['X-MS-APIM-Tokens']))['$ConnectionKey']","type":"Raw"}},"runtimeConfiguration":{"contentTransfer":{"transferMode":"Chunked"}}},"Convert_file":{"runAfter":{"Create_file_3":["Succeeded"]},"metadata":{"operationMetadataId":"cc7520db-3ac3-4078-81c5-1d2037c4a720"},"type":"OpenApiConnection","inputs":{"host":{"apiId":"/providers/Microsoft.PowerApps/apis/shared_onedriveforbusiness","connectionName":"shared_onedriveforbusiness","operationId":"ConvertFile"},"parameters":{"id":"@outputs('Create_file_3')?['body/Id']","type":"PDF"},"authentication":{"value":"@json(decodeBase64(triggerOutputs().headers['X-MS-APIM-Tokens']))['$ConnectionKey']","type":"Raw"}}},"Create_file_2":{"runAfter":{"Convert_file":["Succeeded"]},"metadata":{"operationMetadataId":"ee3cd8b4-54f3-48e9-9c2e-7b5e66b490ac"},"type":"OpenApiConnection","inputs":{"host":{"apiId":"/providers/Microsoft.PowerApps/apis/shared_onedriveforbusiness","connectionName":"shared_onedriveforbusiness","operationId":"CreateFile"},"parameters":{"folderPath":"/Fichas EPIs","name":"Ficha EPI -@{triggerBody()['UnificarTexto_Inputs_1']}- @{convertFromUtc(utcNow(), 'E. South America Standard Time', 'dd/MM/yyyy HH:mm')} .pdf","body":"@body('Convert_file')"},"authentication":{"value":"@json(decodeBase64(triggerOutputs().headers['X-MS-APIM-Tokens']))['$ConnectionKey']","type":"Raw"}},"runtimeConfiguration":{"contentTransfer":{"transferMode":"Chunked"}}},"Compose":{"runAfter":{"Unificar_Texto":["Succeeded"]},"metadata":{"operationMetadataId":"85ef1ea4-64ee-4cd0-95e9-b20124fe4209"},"type":"Compose","inputs":"@convertFromUtc(utcNow(), 'E. South America Standard Time', 'dd/MM/yyy HH:mm')"}}},"connectionReferences":{"shared_onedriveforbusiness":{"connectionName":"2e7f8f7b13fb4a5cb4a4961d93ce5308","source":"Invoker","id":"/providers/Microsoft.PowerApps/apis/shared_onedriveforbusiness","tier":"NotSpecified"}},"flowFailureAlertSubscribed":false,"isManaged":false}}